feature,target,quartile,N,feature_min,feature_max,target_median,target_P25,target_P75
n_beds,static revenue,0,212,0.0,2.0,12279.1070375,8159.9375,18660.0
n_beds,static revenue,1,241,3.0,3.0,18000.0,10660.0,25620.0
n_beds,static revenue,2,156,4.0,4.0,17550.0,12581.5,28012.5
n_beds,static revenue,3,168,5.0,34.0,22759.0,14303.25,36425.0
n_beds,ADR,0,212,0.0,2.0,450.0,372.0,523.5
n_beds,ADR,1,241,3.0,3.0,590.0,438.0,715.0
n_beds,ADR,2,156,4.0,4.0,597.0,431.5,804.0
n_beds,ADR,3,168,5.0,34.0,650.0,450.0,899.0
n_beds,unavailability,0,212,0.0,2.0,0.3076923076923077,0.2087912087912088,0.5384615384615384
n_beds,unavailability,1,241,3.0,3.0,0.3846153846153846,0.2307692307692307,0.5604395604395604
n_beds,unavailability,2,156,4.0,4.0,0.39010989010989006,0.2307692307692307,0.6153846153846154
n_beds,unavailability,3,168,5.0,34.0,0.41208791208791207,0.2637362637362637,0.6071428571428571
n_guests,static revenue,0,227,2.0,5.0,12100.0,7591.0,17706.0
n_guests,static revenue,1,231,6.0,6.0,16895.0,10829.58345,24359.0
n_guests,static revenue,2,233,7.0,8.0,19250.0,12885.0,32300.0
n_guests,static revenue,3,86,9.0,16.0,27802.5,16587.5,47525.0
n_guests,ADR,0,227,2.0,5.0,431.4,350.0,523.0
n_guests,ADR,1,231,6.0,6.0,540.0,400.0,700.0
n_guests,ADR,2,233,7.0,8.0,610.0,455.0,800.0
n_guests,ADR,3,86,9.0,16.0,820.0,561.875,1200.0
n_guests,unavailability,0,227,2.0,5.0,0.3076923076923077,0.1978021978021978,0.5384615384615384
n_guests,unavailability,1,231,6.0,6.0,0.3736263736263736,0.2417582417582417,0.543956043956044
n_guests,unavailability,2,233,7.0,8.0,0.4065934065934066,0.2417582417582417,0.6153846153846154
n_guests,unavailability,3,86,9.0,16.0,0.423076923076923,0.2664835164835164,0.6373626373626373
n_bathrooms,static revenue,0,590,0.0,2.0,15355.0,9790.625,22902.5
n_bathrooms,static revenue,1,187,3.0,13.0,24500.0,15820.75,40589.0
n_bathrooms,ADR,0,590,0.0,2.0,485.875,380.0,633.0625
n_bathrooms,ADR,1,187,3.0,13.0,770.0,599.5,953.57145
n_bathrooms,unavailability,0,590,0.0,2.0,0.3626373626373626,0.2307692307692307,0.5714285714285714
n_bathrooms,unavailability,1,187,3.0,13.0,0.4065934065934066,0.2032967032967033,0.5989010989010989
n_bedrooms,static revenue,0,379,0.0,2.0,13177.5,8827.5,19285.0
n_bedrooms,static revenue,1,340,3.0,3.0,20000.0,13800.0,32776.25
n_bedrooms,static revenue,2,58,4.0,12.0,32755.0,22861.75,51528.0
n_bedrooms,ADR,0,379,0.0,2.0,448.5,350.0,550.0
n_bedrooms,ADR,1,340,3.0,3.0,650.0,500.0,807.5833250000001
n_bedrooms,ADR,2,58,4.0,12.0,973.0,775.0,1596.5
n_bedrooms,unavailability,0,379,0.0,2.0,0.3516483516483517,0.2197802197802197,0.5384615384615384
n_bedrooms,unavailability,1,340,3.0,3.0,0.3956043956043956,0.2527472527472527,0.6153846153846154
n_bedrooms,unavailability,2,58,4.0,12.0,0.4505494505494505,0.2005494505494505,0.6126373626373627
cleaning_fee,static revenue,0,274,0.0,200.0,13225.0,8921.25,21600.0
cleaning_fee,static revenue,1,178,210.0,250.0,17240.0,10808.25,25500.0
cleaning_fee,static revenue,2,161,260.0,300.0,18612.0,12870.0,31941.0
cleaning_fee,static revenue,3,164,310.0,700.0,19880.5,12068.5,33651.49865
cleaning_fee,ADR,0,274,0.0,200.0,450.0,350.0,563.5
cleaning_fee,ADR,1,178,210.0,250.0,504.5,417.375,653.75
cleaning_fee,ADR,2,161,260.0,300.0,600.0,450.0,750.0
cleaning_fee,ADR,3,164,310.0,700.0,700.0,531.249975,941.75
cleaning_fee,unavailability,0,274,0.0,200.0,0.3626373626373626,0.2307692307692307,0.5604395604395604
cleaning_fee,unavailability,1,178,210.0,250.0,0.39010989010989006,0.2417582417582417,0.5906593406593407
cleaning_fee,unavailability,2,161,260.0,300.0,0.4065934065934066,0.2417582417582417,0.6593406593406593
cleaning_fee,unavailability,3,164,310.0,700.0,0.3186813186813186,0.20604395604395603,0.5521978021978022
picture_count,static revenue,0,205,0.0,13.0,12000.0,8000.0,17700.0
picture_count,static revenue,1,186,14.0,21.0,16815.0,11592.5,25185.5
picture_count,static revenue,2,196,22.0,31.0,19410.0,11778.0,29032.7491
picture_count,static revenue,3,190,32.0,137.0,22799.0,14414.4,35800.0
picture_count,ADR,0,205,0.0,13.0,484.0,379.0,627.0
picture_count,ADR,1,186,14.0,21.0,500.0,397.75,700.0
picture_count,ADR,2,196,22.0,31.0,550.0,400.0,800.0
picture_count,ADR,3,190,32.0,137.0,600.5,473.5,821.5
picture_count,unavailability,0,205,0.0,13.0,0.2967032967032967,0.1978021978021978,0.4175824175824176
picture_count,unavailability,1,186,14.0,21.0,0.3956043956043956,0.23351648351648346,0.6153846153846154
picture_count,unavailability,2,196,22.0,31.0,0.4175824175824176,0.2637362637362637,0.6153846153846154
picture_count,unavailability,3,190,32.0,137.0,0.43406593406593397,0.2637362637362637,0.6593406593406593
n_reviews,static revenue,0,223,0.0,10.0,13328.0,8786.0,23137.5
n_reviews,static revenue,1,186,11.0,17.0,16334.5,9101.6,23705.25
n_reviews,static revenue,2,181,18.0,32.0,20050.0,12480.0,30024.0
n_reviews,static revenue,3,187,33.0,504.0,19200.0,12993.5,29375.0
n_reviews,ADR,0,223,0.0,10.0,600.0,464.0,822.5
n_reviews,ADR,1,186,11.0,17.0,527.0,400.0,699.75
n_reviews,ADR,2,181,18.0,32.0,500.0,397.5,700.0
n_reviews,ADR,3,187,33.0,504.0,499.0,385.0,700.0
n_reviews,unavailability,0,223,0.0,10.0,0.2747252747252747,0.1648351648351648,0.4505494505494505
n_reviews,unavailability,1,186,11.0,17.0,0.3406593406593406,0.1978021978021978,0.5686813186813187
n_reviews,unavailability,2,181,18.0,32.0,0.4285714285714285,0.2967032967032967,0.6263736263736264
n_reviews,unavailability,3,187,33.0,504.0,0.4725274725274725,0.2912087912087912,0.6703296703296704
star_clean,static revenue,0,196,4.0,4.849999904632568,15507.5,9758.625,24350.0
star_clean,static revenue,1,200,4.860000133514404,4.940000057220459,19250.0,12032.8125,29304.5
star_clean,static revenue,2,366,4.949999809265137,5.0,17005.0,10510.0,26817.99885
star_clean,ADR,0,196,4.0,4.849999904632568,499.5,384.75,642.375
star_clean,ADR,1,200,4.860000133514404,4.940000057220459,533.66665,400.0,702.5
star_clean,ADR,2,366,4.949999809265137,5.0,574.25,400.0,795.0625
star_clean,unavailability,0,196,4.0,4.849999904632568,0.3626373626373626,0.24999999999999994,0.5521978021978022
star_clean,unavailability,1,200,4.860000133514404,4.940000057220459,0.3956043956043956,0.2637362637362637,0.6043956043956044
star_clean,unavailability,2,366,4.949999809265137,5.0,0.3626373626373626,0.2087912087912088,0.5714285714285714
n_reviews_host,static revenue,0,200,0.0,17.0,15795.0,7612.5,23796.8745125
n_reviews_host,static revenue,1,193,18.0,45.0,18612.0,12173.3328,26500.0
n_reviews_host,static revenue,2,199,46.0,233.0,19635.0,12378.1070375,31720.5
n_reviews_host,static revenue,3,185,236.0,41299.0,14421.0,10336.0,23868.0
n_reviews_host,ADR,0,200,0.0,17.0,600.0,447.5416675,800.0
n_reviews_host,ADR,1,193,18.0,45.0,500.0,375.0,700.0
n_reviews_host,ADR,2,199,46.0,233.0,509.0,399.0,765.0
n_reviews_host,ADR,3,185,236.0,41299.0,525.0,420.0,650.0
n_reviews_host,unavailability,0,200,0.0,17.0,0.3186813186813186,0.1428571428571428,0.489010989010989
n_reviews_host,unavailability,1,193,18.0,45.0,0.4285714285714285,0.2747252747252747,0.6153846153846154
n_reviews_host,unavailability,2,199,46.0,233.0,0.4725274725274725,0.2857142857142857,0.6538461538461539
n_reviews_host,unavailability,3,185,236.0,41299.0,0.3076923076923077,0.2307692307692307,0.4615384615384615
star_host_clean,static revenue,0,199,4.320000171661377,4.800000190734863,14091.0,9736.0,19690.5
star_host_clean,static revenue,1,212,4.809999942779541,4.909999847412109,19694.0,11975.0,31118.0
star_host_clean,static revenue,2,178,4.920000076293945,4.980000019073486,19632.0,12873.75,31302.0
star_host_clean,static revenue,3,180,4.989999771118164,5.0,15975.0,7941.3,26032.5
star_host_clean,ADR,0,199,4.320000171661377,4.800000190734863,500.0,399.5,631.625
star_host_clean,ADR,1,212,4.809999942779541,4.909999847412109,540.0,423.9375,750.75
star_host_clean,ADR,2,178,4.920000076293945,4.980000019073486,527.0,399.0,718.78125
star_host_clean,ADR,3,180,4.989999771118164,5.0,580.0,400.0,800.0
star_host_clean,unavailability,0,199,4.320000171661377,4.800000190734863,0.3076923076923077,0.2307692307692307,0.4505494505494505
star_host_clean,unavailability,1,212,4.809999942779541,4.909999847412109,0.4175824175824176,0.2637362637362637,0.6291208791208791
star_host_clean,unavailability,2,178,4.920000076293945,4.980000019073486,0.4615384615384615,0.28846153846153844,0.6813186813186813
star_host_clean,unavailability,3,180,4.989999771118164,5.0,0.3516483516483517,0.16208791208791207,0.5604395604395604
years_host,static revenue,0,265,0.0,3.0,17600.0,10660.0,26230.0
years_host,static revenue,1,178,4.0,5.0,16525.0,10706.874885,29685.0
years_host,static revenue,2,176,6.0,6.0,13813.25,9623.0625,19820.75
years_host,static revenue,3,158,7.0,11.0,19268.583075000002,12064.0,32259.7141
years_host,ADR,0,265,0.0,3.0,500.0,399.0,750.0
years_host,ADR,1,178,4.0,5.0,553.0,400.4,775.2083250000001
years_host,ADR,2,176,6.0,6.0,523.0,427.0,651.375
years_host,ADR,3,158,7.0,11.0,550.0,400.0,780.0
years_host,unavailability,0,265,0.0,3.0,0.4175824175824176,0.2197802197802197,0.6043956043956044
years_host,unavailability,1,178,4.0,5.0,0.3791208791208791,0.2307692307692307,0.6236263736263736
years_host,unavailability,2,176,6.0,6.0,0.2967032967032967,0.2197802197802197,0.4065934065934066
years_host,unavailability,3,158,7.0,11.0,0.4285714285714285,0.2664835164835164,0.6593406593406593
months_host,static revenue,0,345,0.0,1.0,14421.0,9975.0,22500.0
months_host,static revenue,1,95,2.0,2.0,18927.16681,11606.75,28977.5
months_host,static revenue,2,143,3.0,5.0,19228.0,10430.0,30337.5
months_host,static revenue,3,194,6.0,11.0,19200.0,12800.0,30600.0
months_host,ADR,0,345,0.0,1.0,523.0,400.0,700.0
months_host,ADR,1,95,2.0,2.0,550.0,384.16667,704.0
months_host,ADR,2,143,3.0,5.0,533.0,400.0,750.0
months_host,ADR,3,194,6.0,11.0,543.25,400.5,800.0
months_host,unavailability,0,345,0.0,1.0,0.3076923076923077,0.2087912087912088,0.4725274725274725
months_host,unavailability,1,95,2.0,2.0,0.4175824175824176,0.2857142857142857,0.6373626373626373
months_host,unavailability,2,143,3.0,5.0,0.4505494505494505,0.2417582417582417,0.6868131868131868
months_host,unavailability,3,194,6.0,11.0,0.43406593406593397,0.2417582417582417,0.6346153846153846
amenities_count,static revenue,0,202,4.0,23.0,16000.0,8977.5,23587.5
amenities_count,static revenue,1,198,24.0,32.0,16862.5,10543.958295,27332.5
amenities_count,static revenue,2,193,33.0,40.0,16469.0,10701.5,25369.5
amenities_count,static revenue,3,184,41.0,86.0,18950.0,12250.49375625,29817.0
amenities_count,ADR,0,202,4.0,23.0,500.0,392.25,700.0
amenities_count,ADR,1,198,24.0,32.0,523.0,400.0,750.0
amenities_count,ADR,2,193,33.0,40.0,546.0,430.0,665.0
amenities_count,ADR,3,184,41.0,86.0,557.0,400.0,775.0
amenities_count,unavailability,0,202,4.0,23.0,0.3516483516483517,0.20054945054945056,0.5274725274725275
amenities_count,unavailability,1,198,24.0,32.0,0.3516483516483517,0.2417582417582417,0.5824175824175825
amenities_count,unavailability,2,193,33.0,40.0,0.3846153846153846,0.2197802197802197,0.5604395604395604
amenities_count,unavailability,3,184,41.0,86.0,0.4065934065934066,0.2637362637362637,0.6263736263736264
description_length,static revenue,0,197,0.0,299.0,20000.0,10675.83318,30368.0
description_length,static revenue,1,192,300.0,461.0,17578.0,10482.75,29353.75
description_length,static revenue,2,203,462.0,509.0,14933.3324,9550.625,22275.0
description_length,static revenue,3,185,510.0,1257.0,16800.0,11900.0,25142.0
description_length,ADR,0,197,0.0,299.0,584.0,400.0,760.8333
description_length,ADR,1,192,300.0,461.0,524.41665,400.0,757.5
description_length,ADR,2,203,462.0,509.0,520.0,388.75,657.0
description_length,ADR,3,185,510.0,1257.0,500.0,400.0,720.0
description_length,unavailability,0,197,0.0,299.0,0.4285714285714285,0.2417582417582417,0.6263736263736264
description_length,unavailability,1,192,300.0,461.0,0.3791208791208791,0.2307692307692307,0.6043956043956044
description_length,unavailability,2,203,462.0,509.0,0.3186813186813186,0.2087912087912088,0.4835164835164835
description_length,unavailability,3,185,510.0,1257.0,0.3736263736263736,0.2417582417582417,0.5824175824175825
