question,answer,metric_1,metric_2,sample,confidence_or_limitation
BEST_REVENUE_PROFILE,Apartamento de 4 quartos,static revenue proxy H91 mediana ~ R$ 31.941,ADR mediana ~ R$ 874,N = 45,maior perfil combinado com amostra defensavel; receita absoluta != eficiencia
BEST_REVENUE_LOCATION,Meia Praia,H30 ~ R$ 12.874; H60 ~ R$ 18.850; H91 ~ R$ 19.200,"Centro lidera momentum por listing, nao static revenue",N H91 Meia Praia ~ 483,bairros com N muito pequeno nao sao robustos
TOP_REVENUE_DRIVERS,Associacao descritiva (nao causal),quartos/banheiros/guests associados a maior ADR; cleaning fee associado,n_reviews e fotos associados a maior unavailability proxy,N com precos = 777,"GroupKFold por owner mostrou baixa generalizacao; associativo, nao predicao"
PRIMARY_INVESTMENT,Apartamento 2 quartos em Meia Praia,"capital efficiency H91 ~ 1,47%; static proxy ~ R$ 15.925","pickup mediano R$ 1.541,92; Pareto nao dominado; rank H60=1, H30/H91=2",N Airbnb=126; owners=112; N venda=243,"faixa amostral forte, apesar de cobertura Price_AV snapshot ~17,4%"
ALTERNATIVE_1,Apartamento 2 quartos em Morretes,"capital efficiency H91 ~ 1,60%",preco de compra ~ R$ 790.000 (menor),N Airbnb=43; owners=34; N venda=1037,"maior eficiencia e menor preco, mas faixa amostral moderada; pickup mediano R$0"
ALTERNATIVE_2,Apartamento 2 quartos em Centro,"capital efficiency H91 ~ 1,30%","R$ 3.982,58 pickup mediano; melhor momentum",N Airbnb=59; owners=37; N venda=89,"melhor dinamica, porem menor eficiencia estatica e preco mais alto"
STUDIO_THESIS,INCONCLUSIVO POR EVIDENCIA INSUFICIENTE,3 studio no Centro no Details,0 studios com Price_AV,N=0 (com preco),sem amostra de receita para concluir
CENTRO1_THESIS,NAO SUSTENTADO COMO ALTERNATIVA DE MAIOR EFICIENCIA DE CAPITAL,"cap_eff H ~ 1,17%; 4o em H30/H60/H91; Pareto dominado","a favor: coverage alta (64,7%), pickup R$ 3.469,96",N Airbnb=75; owners=17; N venda=22,"contra: eficiencia, Pareto e amostra pequena"
MAIN_LIMITATION,Tudo e proxy (receita/ocupacao real nao observada),static = mediana preco x noites indisponiveis,"coverage snapshot: Centro1Q 64,7% vs Meia2 17,4%",pool Price_AV ~ 22%,nao anualizar; custos operacionais completos nao observados; semantica da indisponibilidade
