suburb_canonical,bedrooms,listing_type,N_sale,median_sale_price,mean_sale_price,p25_sale_price,p75_sale_price,median_usable_area,median_price_per_m2,median_monthly_condo_fee,missing_rate_condo,median_yearly_iptu,missing_rate_iptu,faixa_vivareal
Alto São Bento,0,comercial,2,499820.0,499820.0,424230.0,575410.0,47.0,10385.777777777777,159.5,0.0,508.0,0.5,critico_<5
Alto São Bento,0,terreno,13,750000.0,954230.7692307692,390000.0,1100000.0,552.0,1181.8181818181818,0.0,0.3076923076923077,0.0,0.23076923076923078,pequeno_5-19
Alto São Bento,2,apartamento,35,618710.0,614482.0857142857,549000.0,676445.0,65.0,9384.057971014492,1.0,0.4,0.0,0.2571428571428571,medio_20-49
Alto São Bento,2,casa,10,599445.0,704441.0,520000.0,624552.5,87.5,7480.292832167832,1.0,0.4,767.5,0.4,pequeno_5-19
Alto São Bento,3,casa,5,690000.0,851000.0,685000.0,1050000.0,95.0,7324.84076433121,0.0,0.2,0.0,0.8,pequeno_5-19
Alto São Bento,6,casa,1,1000000.0,1000000.0,1000000.0,1000000.0,150.0,6666.666666666667,,1.0,0.0,0.0,critico_<5
Andorinha,0,comercial,8,3145000.0,5213362.5,1537500.0,5650772.5,112.0,16756.64794007491,1.0,0.375,1825.0,0.25,pequeno_5-19
Andorinha,0,terreno,1,2197000.0,2197000.0,2197000.0,2197000.0,300.0,7323.333333333333,,1.0,,1.0,critico_<5
Andorinha,1,apartamento,8,679500.0,680052.5,641703.0,711906.0,43.0,14735.023255813954,0.0,0.125,0.0,0.125,pequeno_5-19
Andorinha,1,casa,1,2500000.0,2500000.0,2500000.0,2500000.0,100.0,25000.0,,1.0,,1.0,critico_<5
Andorinha,1,comercial,4,1489525.0,1937057.5,1461710.0,1964872.5,93.0,18164.939024390245,350.0,0.25,1200.0,0.25,critico_<5
Andorinha,2,apartamento,68,983071.0,996345.5294117647,849807.5,1130853.75,83.0,11265.098039215685,461.0,0.22058823529411764,521.5,0.3235294117647059,grande_50+
Andorinha,2,casa,3,590000.0,590000.0,590000.0,590000.0,89.0,6629.213483146067,0.0,0.0,900.0,0.0,critico_<5
Andorinha,3,apartamento,471,1700000.0,1763299.2484076433,1450000.0,1990000.0,122.0,13743.75,490.0,0.26963906581740976,784.0,0.34394904458598724,grande_50+
Andorinha,3,casa,3,1450000.0,1558386.6666666667,1438000.0,1624580.0,124.0,12851.142857142857,0.0,0.0,1450.0,0.3333333333333333,critico_<5
Andorinha,3,comercial,1,1345000.0,1345000.0,1345000.0,1345000.0,120.0,11208.333333333334,0.0,0.0,0.0,0.0,critico_<5
Andorinha,4,apartamento,196,2750000.0,3117614.6326530613,2298390.0,3598762.5,182.0,15220.439691027927,550.0,0.3010204081632653,175.0,0.29591836734693877,grande_50+
Andorinha,4,casa,2,18370000.0,18370000.0,18370000.0,18370000.0,812.0,22623.18702101941,905.0,0.0,0.0,0.0,critico_<5
Andorinha,5,apartamento,10,4449425.0,6114709.3,4114010.75,8166781.0,300.0,15583.036904761904,1200.0,0.3,4250.0,0.2,pequeno_5-19
Andorinha,6,apartamento,2,9878830.0,9878830.0,9878830.0,9878830.0,300.0,32929.433333333334,0.0,0.0,0.0,0.5,critico_<5
Andorinha,7,apartamento,1,10000.0,10000.0,10000.0,10000.0,437.0,22.88329519450801,10.0,0.0,100.0,0.0,critico_<5
Canto da Praia,0,terreno,1,39499800.0,39499800.0,39499800.0,39499800.0,3400.0,11617.588235294117,0.0,0.0,0.0,0.0,critico_<5
Canto da Praia,1,apartamento,7,780000.0,671400.0,602500.0,795000.0,50.0,14220.689655172413,500.0,0.5714285714285714,100.0,0.42857142857142855,pequeno_5-19
Canto da Praia,2,apartamento,14,1221806.5,1218329.4285714286,1207999.75,1417000.0,87.5,14270.114942528737,1.0,0.0,1.0,0.07142857142857142,pequeno_5-19
Canto da Praia,3,apartamento,66,1769930.0,1982125.1363636365,1507500.0,2349900.0,116.0,15050.505050505051,0.0,0.3484848484848485,0.0,0.3787878787878788,grande_50+
Canto da Praia,3,casa,16,2970000.0,3340630.0625,2950000.0,3575000.0,200.0,14795.0,40.5,0.125,1150.0,0.125,pequeno_5-19
Canto da Praia,4,apartamento,14,4874765.0,6199858.571428572,3070000.0,7187250.0,196.0,25493.743949394942,0.5,0.2857142857142857,0.5,0.2857142857142857,pequeno_5-19
Canto da Praia,4,casa,7,5851023.0,7241720.857142857,5670511.5,6200000.0,305.0,18333.333333333332,1.0,0.2857142857142857,100.0,0.2857142857142857,pequeno_5-19
Canto da Praia,5,apartamento,2,7650000.0,7650000.0,7650000.0,7650000.0,350.0,21857.14285714286,,1.0,0.0,0.5,critico_<5
Canto da Praia,5,casa,4,7575000.0,7575000.0,7500000.0,7650000.0,350.0,21642.857142857145,0.5,0.5,0.5,0.5,critico_<5
Casa Branca,0,outros,1,2800000.0,2800000.0,2800000.0,2800000.0,2278.0,1229.1483757682176,0.0,0.0,3434.0,0.0,critico_<5
Casa Branca,0,terreno,26,1257500.0,1577530.3846153845,766500.0,2549842.5,379.0,2000.0,0.0,0.5,0.0,0.4230769230769231,medio_20-49
Casa Branca,2,apartamento,20,655000.0,660875.5,588500.0,717250.0,69.5,9714.285714285714,300.0,0.45,100.0,0.4,medio_20-49
Casa Branca,2,casa,5,730000.0,670000.0,650000.0,730000.0,120.0,6250.0,0.0,0.8,0.0,0.8,pequeno_5-19
Casa Branca,2,outros,1,1100000.0,1100000.0,1100000.0,1100000.0,200.0,5500.0,,1.0,1.0,0.0,critico_<5
Casa Branca,3,apartamento,7,778000.0,1856806.5714285714,732557.0,1412266.0,70.0,10658.771428571428,0.0,0.5714285714285714,0.0,0.5714285714285714,pequeno_5-19
Casa Branca,3,casa,19,5800000.0,4535859.47368421,1244500.0,7249500.0,300.0,16704.057279236276,125.5,0.15789473684210525,300.0,0.21052631578947367,pequeno_5-19
Casa Branca,3,outros,1,7499630.0,7499630.0,7499630.0,7499630.0,440.0,17044.613636363636,1.0,0.0,2600.0,0.0,critico_<5
Casa Branca,4,casa,13,3790000.0,6062180.0,3489650.0,12000000.0,272.0,13904.382470119523,131.0,0.3076923076923077,66.0,0.23076923076923078,pequeno_5-19
Casa Branca,6,casa,1,2348670.0,2348670.0,2348670.0,2348670.0,450.0,5219.266666666666,1.0,0.0,1700.0,0.0,critico_<5
Casa Branca,7,outros,1,5800000.0,5800000.0,5800000.0,5800000.0,23000.0,252.17391304347825,,1.0,,1.0,critico_<5
Castelo Branco,0,comercial,5,1386787.0,1574663.4,700000.0,1887060.0,84.0,22465.0,0.5,0.2,340.0,0.4,pequeno_5-19
Castelo Branco,0,terreno,1,2100000.0,2100000.0,2100000.0,2100000.0,305.0,6885.245901639344,0.0,0.0,0.0,0.0,critico_<5
Castelo Branco,1,apartamento,1,951000.0,951000.0,951000.0,951000.0,28.0,33964.28571428572,,1.0,,1.0,critico_<5
Castelo Branco,1,casa,1,2100000.0,2100000.0,2100000.0,2100000.0,304.0,6907.894736842105,0.0,0.0,0.0,0.0,critico_<5
Castelo Branco,2,apartamento,60,1055000.0,1061301.9,884792.5,1212370.0,86.0,11904.076086956522,411.5,0.2,597.5,0.3,grande_50+
Castelo Branco,3,apartamento,296,1682505.0,1751627.2668918918,1390000.0,1974865.0,125.5,13590.017425939757,391.0,0.24324324324324326,150.0,0.2939189189189189,grande_50+
Castelo Branco,3,casa,6,1700000.0,1687316.6666666667,1433500.0,2021925.0,150.0,12310.077519379844,1.0,0.5,1.0,0.5,pequeno_5-19
Castelo Branco,4,apartamento,130,2525000.0,3415294.8384615383,1808750.0,4117500.0,182.0,14085.421888053468,3.0,0.2846153846153846,470.0,0.3153846153846154,grande_50+
Castelo Branco,4,casa,1,3500000.0,3500000.0,3500000.0,3500000.0,219.0,15981.735159817352,,1.0,,1.0,critico_<5
Castelo Branco,5,apartamento,5,7993000.0,8988759.0,4798000.0,12000000.0,486.0,18150.05138746146,0.0,0.6,1400.0,0.8,pequeno_5-19
Centro,0,comercial,3,2145000.0,3614113.3333333335,1998670.0,4495000.0,123.0,20432.83582089552,1.0,0.6666666666666666,100.0,0.0,critico_<5
Centro,1,apartamento,22,890000.0,890751.0454545454,652500.0,980000.0,42.0,14574.27536231884,450.0,0.36363636363636365,120.0,0.5,medio_20-49
Centro,1,comercial,3,2397080.0,2677360.0,2271040.0,2943540.0,77.0,40471.698113207545,,1.0,,1.0,critico_<5
Centro,2,apartamento,89,1150000.0,1191322.2134831462,889000.0,1550000.0,86.0,13068.181818181818,461.0,0.1797752808988764,700.0,0.15730337078651685,grande_50+
Centro,2,casa,3,599000.0,599333.3333333334,599000.0,599500.0,78.0,7679.48717948718,0.0,0.0,500.0,0.0,critico_<5
Centro,3,apartamento,437,2100000.0,2325010.718535469,1750000.0,2790000.0,131.0,15789.473684210527,1.0,0.2723112128146453,1.0,0.32494279176201374,grande_50+
Centro,3,casa,5,1580000.0,1777366.0,1579830.0,1850000.0,120.0,15677.966101694916,0.0,0.4,0.5,0.2,pequeno_5-19
Centro,4,apartamento,400,3700000.0,4639087.875,2713118.25,5445056.25,197.0,18445.99004650404,0.0,0.3575,0.0,0.3675,grande_50+
Centro,4,casa,7,5198800.0,5326628.571428572,3499400.0,7045000.0,229.0,18567.14285714286,0.0,0.2857142857142857,0.0,0.42857142857142855,pequeno_5-19
Centro,4,comercial,1,5654482.0,5654482.0,5654482.0,5654482.0,200.0,28272.41,0.0,0.0,,1.0,critico_<5
Centro,5,apartamento,28,8665000.0,9855821.57142857,6019000.0,12636316.5,411.0,25547.445255474453,0.5,0.2857142857142857,1.0,0.4642857142857143,medio_20-49
Centro,5,casa,2,7022633.0,7022633.0,4011316.5,10033949.5,490.5,12817.272981920041,0.0,0.5,0.0,0.5,critico_<5
Centro,5,comercial,1,5748800.0,5748800.0,5748800.0,5748800.0,505.0,11383.762376237624,0.0,0.0,0.0,0.0,critico_<5
Centro,6,apartamento,4,10554000.0,9527000.0,7581000.0,12500000.0,391.5,26776.705125186407,0.0,0.75,0.0,0.75,critico_<5
Centro,7,apartamento,2,16000000.0,16000000.0,16000000.0,16000000.0,709.0,22568.11815635345,0.0,0.5,,1.0,critico_<5
Estreito,3,apartamento,1,2750000.0,2750000.0,2750000.0,2750000.0,280.0,9821.42857142857,0.0,0.0,0.0,0.0,critico_<5
Estreito,4,apartamento,4,5107500.0,4902500.0,4645000.0,5365000.0,197.5,26762.516469038208,990.0,0.25,1250.0,0.5,critico_<5
Ilhota,0,terreno,5,1200000.0,3067840.0,339200.0,6500000.0,450.0,2000.0,0.0,0.6,0.0,0.2,pequeno_5-19
Ilhota,1,apartamento,5,220000.0,232063.2,202658.0,255000.0,38.0,5333.105263157895,250.0,0.4,60.0,0.6,pequeno_5-19
Ilhota,2,casa,1,500000.0,500000.0,500000.0,500000.0,74.0,6756.756756756757,0.0,0.0,0.0,0.0,critico_<5
Ilhota,3,apartamento,4,2025000.0,2780062.5,2025000.0,2780062.5,129.0,15697.67441860465,3.0,0.25,900.0,0.5,critico_<5
Ilhota,3,casa,3,5505000.0,8625000.0,3752500.0,11937500.0,362.0,15207.182320441989,0.0,0.3333333333333333,0.0,0.0,critico_<5
Ilhota,4,apartamento,19,2845125.0,3568653.3684210526,2663385.0,3903189.0,154.0,18474.83766233766,0.0,0.3157894736842105,1800.0,0.5263157894736842,pequeno_5-19
Ilhota,4,casa,6,18370000.0,16907050.0,18167350.0,18370000.0,811.0,22651.048088779284,905.0,0.0,450.0,0.3333333333333333,pequeno_5-19
Ilhota,5,casa,2,21000000.0,21000000.0,19000000.0,23000000.0,1873.5,11405.123068116773,2000.0,0.5,7000.0,0.5,critico_<5
Ilhota,6,casa,10,14950000.0,15865090.0,14950000.0,14950000.0,574.0,26045.296167247387,10.0,0.3,55.0,0.4,pequeno_5-19
Itapema,3,apartamento,2,1614947.5,1614947.5,1132421.25,2097473.75,97.0,15029.384057971014,0.0,0.5,0.0,0.5,critico_<5
Jardim Praiamar,0,terreno,1,685000.0,685000.0,685000.0,685000.0,300.0,2283.3333333333335,,1.0,,1.0,critico_<5
Jardim Praiamar,1,apartamento,6,710000.0,650841.6666666666,573537.5,746750.0,62.5,11912.186379928316,0.0,0.3333333333333333,0.0,0.5,pequeno_5-19
Jardim Praiamar,2,apartamento,88,729990.5,730087.7386363636,642855.75,829625.0,64.0,10822.4765625,220.0,0.2727272727272727,1.0,0.32954545454545453,grande_50+
Jardim Praiamar,3,apartamento,8,702191.0,703204.125,656930.0,731250.0,69.5,10103.182194616977,201.5,0.25,800.0,0.375,pequeno_5-19
Jardim Praiamar,4,apartamento,1,4000000.0,4000000.0,4000000.0,4000000.0,190.0,21052.63157894737,0.0,0.0,2850.0,0.0,critico_<5
Meia Praia,0,comercial,24,1950000.0,3405731.6666666665,1126250.0,3817000.0,129.5,15465.998931623932,0.0,0.4166666666666667,0.0,0.375,medio_20-49
Meia Praia,0,outros,1,1100000.0,1100000.0,1100000.0,1100000.0,114.0,9649.122807017544,,1.0,,1.0,critico_<5
Meia Praia,0,terreno,5,699000.0,1479400.0,699000.0,2650000.0,455.0,1536.2637362637363,600.0,0.0,1000.0,0.0,pequeno_5-19
Meia Praia,1,apartamento,58,877500.0,920925.6896551724,757000.0,1003755.25,40.0,21250.0,0.0,0.3275862068965517,100.0,0.39655172413793105,grande_50+
Meia Praia,1,comercial,4,1779250.0,4729507.5,893875.0,5614882.5,84.0,19146.58125,1250.0,0.5,17184.0,0.5,critico_<5
Meia Praia,2,apartamento,243,1080000.0,1133950.049382716,912850.0,1290000.0,85.0,13032.608695652174,450.0,0.26337448559670784,650.0,0.30864197530864196,grande_50+
Meia Praia,3,apartamento,1697,1885000.0,2104060.298762522,1579800.0,2399240.0,129.0,14957.98319327731,500.0,0.2893341190335887,523.5,0.34708308780200353,grande_50+
Meia Praia,3,casa,11,1800000.0,2595856.090909091,1308258.5,2280000.0,152.0,12934.782608695652,0.5,0.2727272727272727,721.5,0.09090909090909091,pequeno_5-19
Meia Praia,4,apartamento,1323,3600000.0,4322938.998488285,2758500.0,4990000.0,188.0,18555.27950310559,600.0,0.3197278911564626,1.0,0.37339380196523053,grande_50+
Meia Praia,4,casa,6,5620000.0,5802666.333333333,3991250.0,6645000.0,219.5,24132.555232558138,0.0,0.0,3341.0,0.5,pequeno_5-19
Meia Praia,5,apartamento,73,8000000.0,8874483.342465753,5007000.0,9750000.0,343.0,20933.47142857143,0.0,0.3287671232876712,1.0,0.3972602739726027,grande_50+
Meia Praia,5,casa,1,1590000.0,1590000.0,1590000.0,1590000.0,260.0,6115.384615384615,10.0,0.0,850.0,0.0,critico_<5
Meia Praia,6,apartamento,4,15412820.0,13728160.0,9792250.0,19348730.0,421.0,35248.188405797104,0.0,0.25,0.0,0.25,critico_<5
Meia Praia,6,casa,1,18835640.0,18835640.0,18835640.0,18835640.0,381.0,49437.37532808399,,1.0,,1.0,critico_<5
Meia Praia,7,apartamento,3,6300000.0,17600333.333333332,4400500.0,25150000.0,315.0,20000.0,1500.0,0.0,2300.0,0.0,critico_<5
Meia Praia,8,apartamento,1,2750000.0,2750000.0,2750000.0,2750000.0,287.0,9581.881533101045,650.0,0.0,1100.0,0.0,critico_<5
Morretes,0,comercial,20,841837.5,852919.85,598000.0,980063.75,79.5,10615.395569620254,0.0,0.35,10.0,0.7,medio_20-49
Morretes,0,terreno,78,650000.0,1117164.3205128205,649857.5,887500.25,288.0,2296.819787985866,0.0,0.24358974358974358,500.0,0.19230769230769232,grande_50+
Morretes,1,apartamento,50,624500.0,634478.16,446750.0,750000.0,43.0,12893.978260869566,0.5,0.48,100.0,0.4,grande_50+
Morretes,1,comercial,1,1750000.0,1750000.0,1750000.0,1750000.0,74.0,23648.64864864865,,1.0,,1.0,critico_<5
Morretes,2,apartamento,1037,790000.0,782304.655737705,680000.0,879740.0,69.0,11550.942028985508,300.0,0.29122468659594986,425.0,0.2767598842815815,grande_50+
Morretes,2,casa,205,570000.0,601503.5902439024,540000.0,620000.0,80.0,7236.8421052631575,0.0,0.24878048780487805,500.0,0.04878048780487805,grande_50+
Morretes,2,comercial,1,691104.0,691104.0,691104.0,691104.0,60.0,11518.4,0.0,0.0,0.0,0.0,critico_<5
Morretes,3,apartamento,155,845000.0,1276780.735483871,705324.5,999000.0,70.0,11449.27536231884,300.0,0.2903225806451613,450.0,0.2709677419354839,grande_50+
Morretes,3,casa,151,750000.0,845651.4039735099,720000.0,849000.0,109.0,7065.048780487805,0.0,0.2980132450331126,500.0,0.13245033112582782,grande_50+
Morretes,4,apartamento,57,6101328.0,5651630.1228070175,4517000.0,6700000.0,187.0,26744.924623115578,910.0,0.3684210526315789,1700.0,0.3333333333333333,grande_50+
Morretes,4,casa,10,1190000.0,2454900.1,912500.0,1190000.75,150.0,7557.575757575758,0.0,0.2,1000.0,0.2,pequeno_5-19
Morretes,5,apartamento,1,7900000.0,7900000.0,7900000.0,7900000.0,236.0,33474.57627118644,2798.0,0.0,5903.0,0.0,critico_<5
Morretes,5,casa,1,24990000.0,24990000.0,24990000.0,24990000.0,331.0,75498.48942598187,,1.0,,1.0,critico_<5
Morretes,11,comercial,1,2000000.0,2000000.0,2000000.0,2000000.0,365.0,5479.45205479452,0.0,0.0,,1.0,critico_<5
Ocean Tower,4,apartamento,1,4500000.0,4500000.0,4500000.0,4500000.0,226.0,19911.504424778763,2100.0,0.0,4720.0,0.0,critico_<5
Sertão Do Trombudo,0,outros,2,5249655.0,5249655.0,5249482.5,5249827.5,16623.0,315.8096332553106,1.0,0.5,1.0,0.5,critico_<5
Sertão Do Trombudo,0,terreno,16,455000.0,901329.5625,289115.25,757500.0,247.0,1434.105,0.0,0.5625,0.0,0.4375,pequeno_5-19
Sertão Do Trombudo,1,apartamento,2,950000.0,950000.0,950000.0,950000.0,77.5,12258.57475857476,510.0,0.0,0.0,0.0,critico_<5
Sertão Do Trombudo,1,casa,1,290000.0,290000.0,290000.0,290000.0,60.0,4833.333333333333,0.0,0.0,300.0,0.0,critico_<5
Sertão Do Trombudo,1,terreno,1,630000.0,630000.0,630000.0,630000.0,300.0,2100.0,0.0,0.0,100.0,0.0,critico_<5
Sertão Do Trombudo,2,apartamento,7,680000.0,681285.7142857143,680000.0,766000.0,62.0,11147.540983606557,350.0,0.2857142857142857,350.0,0.2857142857142857,pequeno_5-19
Sertão Do Trombudo,2,casa,4,553500.0,553500.0,550000.0,557000.0,103.5,5435.897435897436,0.0,0.0,500.0,0.0,critico_<5
Sertão Do Trombudo,2,outros,1,1500000.0,1500000.0,1500000.0,1500000.0,120.0,12500.0,,1.0,250.0,0.0,critico_<5
Sertão Do Trombudo,3,apartamento,2,2225000.0,2225000.0,1837500.0,2612500.0,129.5,17204.83005366726,642.0,0.0,0.0,0.5,critico_<5
Sertão Do Trombudo,3,casa,1,2680000.0,2680000.0,2680000.0,2680000.0,270.0,9925.925925925925,0.0,0.0,,1.0,critico_<5
Sertão Do Trombudo,4,apartamento,1,3675000.0,3675000.0,3675000.0,3675000.0,213.0,17253.521126760563,,1.0,,1.0,critico_<5
Sertão Do Trombudo,4,casa,2,6500000.0,6500000.0,6500000.0,6500000.0,300.0,21666.666666666668,0.0,0.0,2000.0,0.0,critico_<5
Sertão Do Trombudo,5,outros,1,5200000.0,5200000.0,5200000.0,5200000.0,300.0,17333.333333333332,,1.0,700.0,0.0,critico_<5
Sertãozinho,2,apartamento,1,529360.0,529360.0,529360.0,529360.0,55.0,9624.727272727272,400.0,0.0,800.0,0.0,critico_<5
Tabuleiro dos Oliveiras,0,terreno,1,14500000.0,14500000.0,14500000.0,14500000.0,11500.0,1260.8695652173913,0.0,0.0,0.0,0.0,critico_<5
Tabuleiro dos Oliveiras,1,apartamento,3,699000.0,739333.3333333334,699000.0,759500.0,54.0,12944.444444444445,0.0,0.3333333333333333,0.0,0.3333333333333333,critico_<5
Tabuleiro dos Oliveiras,2,apartamento,110,780469.5,778501.509090909,697470.0,848000.0,69.0,11618.017598343686,1.0,0.2818181818181818,1.0,0.32727272727272727,grande_50+
Tabuleiro dos Oliveiras,2,casa,1,850000.0,850000.0,850000.0,850000.0,13.0,65384.61538461538,,1.0,211.0,0.0,critico_<5
Tabuleiro dos Oliveiras,3,apartamento,14,830000.0,910440.0,766250.0,979790.0,70.0,11945.134575569358,350.0,0.35714285714285715,1307.5,0.2857142857142857,pequeno_5-19
Tabuleiro dos Oliveiras,3,casa,3,900000.0,928333.3333333334,897500.0,945000.0,135.0,6629.62962962963,0.0,0.6666666666666666,0.0,0.6666666666666666,critico_<5
Tabuleiro dos Oliveiras,4,casa,1,999000.0,999000.0,999000.0,999000.0,320.0,3121.875,0.0,0.0,0.0,0.0,critico_<5
Tabuleiro dos Oliveiras,6,apartamento,1,4085460.0,4085460.0,4085460.0,4085460.0,226.0,18077.256637168142,0.0,0.0,,1.0,critico_<5
Varzea,0,terreno,9,3300000.0,3019847.777777778,2989630.0,3300000.0,2100.0,1571.4285714285713,0.0,0.5555555555555556,0.0,0.4444444444444444,pequeno_5-19
Varzea,2,apartamento,29,649800.0,667631.7586206896,620000.0,680088.0,70.0,9457.142857142857,0.0,0.5517241379310345,0.0,0.3793103448275862,medio_20-49
Varzea,3,apartamento,3,795000.0,804333.3333333334,741500.0,862500.0,70.0,9937.5,0.0,0.0,0.0,0.3333333333333333,critico_<5
Varzea,3,casa,3,585000.0,730000.0,585000.0,802500.0,121.0,4875.0,0.0,0.0,600.0,0.0,critico_<5
Varzea,5,casa,1,899000.0,899000.0,899000.0,899000.0,235.0,3825.531914893617,0.0,0.0,,1.0,critico_<5
,0,outros,1,5950000.0,5950000.0,5950000.0,5950000.0,252.0,23611.11111111111,0.0,0.0,0.0,0.0,critico_<5
,0,terreno,2,820000.0,820000.0,785000.0,855000.0,1152.5,1089.5214521452144,0.0,0.0,0.0,0.5,critico_<5
,1,apartamento,1,2000000.0,2000000.0,2000000.0,2000000.0,65.0,30769.23076923077,,1.0,,1.0,critico_<5
,2,apartamento,28,757405.0,781777.5,607750.0,896250.0,67.0,11652.161458333332,0.5,0.14285714285714285,1.0,0.39285714285714285,medio_20-49
,2,casa,1,592259.0,592259.0,592259.0,592259.0,64.0,9254.046875,,1.0,,1.0,critico_<5
,3,apartamento,29,1630000.0,1803764.9655172413,1400000.0,2000000.0,130.0,12692.307692307691,300.0,0.5862068965517241,619.5,0.6551724137931034,medio_20-49
,3,casa,2,2025000.0,2025000.0,1287500.0,2762500.0,188.0,9075.821104122992,,1.0,,1.0,critico_<5
,4,apartamento,27,2768000.0,3702395.5185185187,1875000.0,4600000.0,229.0,14000.105263157895,1.0,0.6666666666666666,0.0,0.6666666666666666,medio_20-49
,4,casa,4,10400000.0,10092500.0,7050000.0,13442500.0,410.0,21552.796771662368,0.5,0.0,1.0,0.25,critico_<5
,5,apartamento,3,2600000.0,9733333.333333334,2100000.0,13800000.0,332.0,6280.193236714976,,1.0,,1.0,critico_<5
