N_listings,number_of_bedrooms,ADR_median,ADR_mean,ADR_p25,ADR_p75,unavailability_median,unavailability_mean,unavailability_p25,unavailability_p75,rev_proxy_median,rev_proxy_mean,rev_proxy_p25,rev_proxy_p75,confianca_amostral
7,0.0,380.0,412.6857142857143,315.4,515.0,0.3076923076923077,0.3186813186813187,0.2087912087912088,0.4505494505494505,9262.400000000001,10664.342857142856,6749.0,12550.0,baixa
110,1.0,427.0,425.3126188636364,372.0,494.25,0.2802197802197802,0.32957042957042954,0.1978021978021978,0.41483516483516486,10591.5,12159.806035681819,7281.75,14800.124999999998,alta
262,2.0,450.0,519.4438384351145,350.0,589.0,0.38461538461538464,0.41208791208791207,0.24175824175824176,0.5714285714285714,14560.5,19944.11935629771,9656.25,21375.0,alta
340,3.0,650.0,682.2892259558823,500.0,807.5833250000001,0.3956043956043956,0.4313833225597931,0.25274725274725274,0.6153846153846154,20000.0,26067.86878254412,13800.0,32776.25,alta
53,4.0,900.0,1109.0094330188679,700.0,1500.0,0.4725274725274725,0.44121915820029023,0.24175824175824176,0.6153846153846154,33110.0,37988.638351886795,22723.999999999996,50112.0,alta
2,5.0,1200.0,1200.0,1050.0,1350.0,0.4230769230769231,0.4230769230769231,0.22252747252747251,0.6236263736263736,35250.0,35250.0,19125.0,51375.0,muito_baixa
2,6.0,2581.25,2581.25,2121.875,3040.625,0.11538461538461539,0.11538461538461539,0.09615384615384616,0.13461538461538464,23887.5,23887.5,23581.25,24193.75,muito_baixa
1,12.0,2500.0,2500.0,2500.0,2500.0,0.31868131868131866,0.31868131868131866,0.31868131868131866,0.31868131868131866,72500.0,72500.0,72500.0,72500.0,muito_baixa
3,Missing/Unknown,786.6667,734.2222333333333,701.33335,793.33335,0.0989010989010989,0.10256410256410255,0.08241758241758242,0.12087912087912087,5544.0,6888.0000666666665,5132.000099999999,7972.0,muito_baixa
